{"modelo": "CNN", "accuracy": 0.9267051238547676, "precision": 0.925985627010387, "recall": 0.9267051238547676, "f1": 0.9259078145103679, "tiempo_entrenamiento": 338.31480956077576}