{"modelo": "Transformer", "accuracy": 0.9219545300305395, "precision": 0.9245596484905028, "recall": 0.9219545300305395, "f1": 0.9214666769060634, "tiempo_entrenamiento": 1472.5871846675873}