{"modelo": "GRU", "accuracy": 0.8971835765184933, "precision": 0.8991192274082893, "recall": 0.8971835765184933, "f1": 0.8971519694956618, "tiempo_entrenamiento": 1213.4139094352722}