{"modelo": "RNN", "accuracy": 0.831693247370207, "precision": 0.8335295081005831, "recall": 0.831693247370207, "f1": 0.8318171143138896, "tiempo_entrenamiento": 105.91770148277283}