{"modelo": "MLP", "accuracy": 0.9406175771971497, "precision": 0.9432556888049994, "recall": 0.9406175771971497, "f1": 0.9402837125507798, "tiempo_entrenamiento": 26.503937482833862}