{"modelo": "LSTM", "accuracy": 0.9124533423820834, "precision": 0.9120894869065069, "recall": 0.9124533423820834, "f1": 0.9120820972579107, "tiempo_entrenamiento": 479.71759843826294}